date,type,kg,kr,avg price,max price,min price
20221230,Toskur 1,94,3275.20,34.84,38.40,30.80
20221230,Toskur 2,161,6304.90,39.16,42.10,36.90
20221230,Toskur 3,585,19838.00,33.91,34.60,32.00
20221230,Toskur 4,1379,36872.70,26.74,27.30,26.70
20221230,Toskur 5,354,6867.00,19.40,21.50,19.10
20221230,Toskur,60,900.00,15.00,15.00,15.00
20221230,Hysa 1 MSC,200,6335.00,31.68,32.00,30.70
20221230,Hysa 2 MSC,2200,65470.00,29.76,31.00,28.40
20221230,Hysa 3 MSC,3500,91905.00,26.26,26.30,26.20
20221230,Hysa 4 MSC,180,720.00,4.00,4.00,4.00
20221230,Hvítingur,11,36.60,3.33,6.60,3.00
20221230,Brosma MSC,7,21.00,3.00,3.00,3.00
20221230,Brosma,10,30.00,3.00,3.00,3.00
20221230,Longa MSC,11,33.00,3.00,3.00,3.00
20221230,Svartkalvi 1,498,21150.60,42.47,43.10,42.20
20221230,Svartkalvi 2,996,42301.20,42.47,43.10,42.20
20221230,Svartkalvi 3,2490,105753.00,42.47,43.10,42.20
20221230,Svartkalvi 4,996,42301.20,42.47,43.10,42.20
20221230,Svartkalvi (sek.),1770,14160.00,8.00,8.00,8.00
20221230,Blalonga,450,2700.00,6.00,6.00,6.00
20221230,Liri,10,30.00,3.00,3.00,3.00
20221230,Skrubba,6,28.00,4.67,5.50,3.00
20221229,Toskur 1,510,20560.00,40.31,43.10,36.10
20221229,Toskur 2,545,19851.50,36.42,38.10,33.10
20221229,Toskur 3,2018,56630.80,28.06,29.70,26.60
20221229,Toskur 4,7077,163449.40,23.10,25.10,21.20
20221229,Toskur 5,1199,23149.90,19.31,19.60,19.10
20221229,Hysa 1 MSC,2470,73111.00,29.60,31.00,27.90
20221229,Hysa 2 MSC,12300,345326.00,28.08,28.40,27.80
20221229,Hysa 3 MSC,16740,430147.00,25.70,26.20,25.10
20221229,Hysa 4 MSC,790,2956.00,3.74,4.10,3.60
20221229,Hysa MSC,10,162.00,16.20,16.20,16.20
20221229,Hvítingur,92,662.40,7.20,7.20,7.20
20221229,Upsi 1 MSC,14,142.80,10.20,10.20,10.20
20221229,Upsi MSC,75,900.00,12.00,12.00,12.00
20221229,Brosma 1 MSC,100,800.00,8.00,8.00,8.00
20221229,Brosma 2 MSC,70,490.00,7.00,7.00,7.00
20221229,Brosma 3 MSC,30,150.00,5.00,5.00,5.00
20221229,Brosma MSC,67,274.70,4.10,4.10,4.10
20221229,Longa 1 MSC,1310,19650.00,15.00,15.00,15.00
20221229,Longa 2 MSC,162,1944.00,12.00,12.00,12.00
20221229,Longa 3 MSC,62,632.40,10.20,10.20,10.20
20221229,Longa 4 MSC,22,200.20,9.10,9.10,9.10
20221229,Longa 5 MSC,24,100.80,4.20,4.20,4.20
20221229,Longa MSC,26,179.40,6.90,6.90,6.90
20221229,Havtaska,300,12330.00,41.10,41.10,41.10
20221229,Havtaska 1,560,23520.00,42.00,42.00,42.00
20221229,Havtaska 2,1960,82320.00,42.00,42.00,42.00
20221229,Havtaska 3,280,11760.00,42.00,42.00,42.00
20221229,Havtaska (sek.),600,14340.00,23.90,23.90,23.90
20221229,Tunga,2,78.00,39.00,39.00,39.00
20221229,Lyrur,2,41.40,20.70,20.70,20.70
20221229,Skota,35,199.50,5.70,5.70,5.70
20221229,Skoturavar,400,5120.00,12.80,12.80,12.80
20221229,Skrubba,47,263.20,5.60,5.60,5.60
20221221,Toskur,60,1200.00,20.00,20.00,20.00
20221221,Toskur 5 kg + fryst,5000,205000.00,41.00,41.00,41.00
20221221,Toskur 2.5 - 5.0 kg fryst,10000,385000.00,38.50,38.50,38.50
20221221,Toskur 1.0 - 2.5 kg fryst,15000,540000.00,36.00,36.00,36.00
20221221,Toskur 0.5 - 1.0 kg fryst,3000,84000.00,28.00,28.00,28.00
20221221,Hysa MSC,4900,43400.00,8.86,10.10,8.00
20221221,Hysa 0.8 - 1.5 kg fryst MSC,46000,1380000.00,30.00,30.00,30.00
20221221,Hysa 0.5 - 0.8 kg fryst MSC,42000,945000.00,22.50,22.50,22.50
20221221,Brosma 1 - 2 kg fryst MSC,3000,57000.00,19.00,19.00,19.00
20221221,Brosma 0 - 1 kg fryst MSC,500,8000.00,16.00,16.00,16.00
20221221,Longa 4 kg + fryst MSC,1000,22500.00,22.50,22.50,22.50
20221221,Longa 2 - 4 kg fryst MSC,5000,120000.00,24.00,24.00,24.00
20221221,Svartkalvi 1,696,24630.00,35.39,37.70,35.00
20221221,Svartkalvi 2,1392,49260.00,35.39,37.70,35.00
20221221,Svartkalvi 3,3480,123150.00,35.39,37.70,35.00
20221221,Svartkalvi 4,1392,49260.00,35.39,37.70,35.00
20221221,Svartkalvi (sek.),1500,12000.00,8.00,8.00,8.00
20221221,Svartkalvi 3-5 kg fryst,308,10780.00,35.00,35.00,35.00
20221221,Svartkalvi 2-3 kg fryst,1588,55580.00,35.00,35.00,35.00
20221221,Svartkalvi 1-2 kg fryst,1793,59519.00,33.20,40.00,33.00
20221221,Svartkalva hovd fryst,1062,20178.00,19.00,19.00,19.00
20221221,Svartkalva halar fryst,115,2185.00,19.00,19.00,19.00
20221221,Blalonga,840,5376.00,6.40,6.40,6.40
20221221,Kongafiskur,280,2240.00,8.00,8.00,8.00
20221221,Havtaska,560,16800.00,30.00,30.00,30.00
20221221,Havtaskuhalar fryst,7854,498109.69,63.42,64.90,62.00
20221219,Toskur 1,892,31309.86,35.09,40.90,26.50
20221219,Toskur 2,2056,65460.47,31.84,39.90,25.50
20221219,Toskur 3,1604,44453.10,27.71,33.90,22.50
20221219,Toskur 4,2654,53519.77,20.17,29.90,18.00
20221219,Toskur 5,479,6677.70,13.94,15.10,9.50
20221219,Toskur,50,1250.00,25.00,25.00,25.00
20221219,Hysa 1 MSC,4371,104795.00,23.98,25.20,15.00
20221219,Hysa 2 MSC,7993,160376.09,20.06,22.90,15.00
20221219,Hysa 3 MSC,7740,118836.00,15.35,16.20,15.00
20221219,Hysa 4 MSC,293,885.00,3.02,4.20,2.00
20221219,Hysa MSC,323,646.00,2.00,2.00,2.00
20221219,Hvítingur,4527,9054.00,2.00,2.00,2.00
20221219,Upsi MSC,5440,86912.00,15.98,16.00,8.00
20221219,Brosma 1 MSC,8,64.00,8.00,8.00,8.00
20221219,Brosma 2 MSC,131,1048.00,8.00,8.00,8.00
20221219,Brosma 3 MSC,228,1368.00,6.00,6.00,6.00
20221219,Brosma 4 MSC,39,195.00,5.00,5.00,5.00
20221219,Brosma MSC,203,982.00,4.84,6.00,4.00
20221219,Longa 1 MSC,1271,22878.00,18.00,18.00,18.00
20221219,Longa 1,297,5049.00,17.00,17.00,17.00
20221219,Longa 2 MSC,63,1134.00,18.00,18.00,18.00
20221219,Longa 2,2133,36261.00,17.00,17.00,17.00
20221219,Longa 3,243,3645.00,15.00,15.00,15.00
20221219,Longa 4,27,351.00,13.00,13.00,13.00
20221219,Longa 5 MSC,1,4.00,4.00,4.00,4.00
20221219,Longa MSC,4686,74166.00,15.83,16.00,6.00
20221219,Blalonga,3000,18000.00,6.00,6.00,6.00
20221219,Kongafiskur,2964,19908.00,6.72,7.00,6.70
20221219,Havtaska,1821,57614.10,31.64,32.10,31.40
20221219,Havtaska 1,2366,86802.49,36.69,38.00,33.00
20221219,Havtaska 2,8338,305503.84,36.64,38.00,33.00
20221219,Havtaska 3,4402,151545.02,34.42,38.00,33.00
20221219,Havtaska 4,1445,48470.08,33.54,34.60,33.00
20221219,Havtaska 5,84,2835.57,33.61,34.60,33.00
20221219,Havtaska (sek.),390,6240.00,16.00,16.00,16.00
20221219,Steinbítur,20,138.00,6.90,6.90,6.90
20221219,Liri,10,59.00,5.90,5.90,5.90
20221219,Reydsproka,30,612.00,20.40,20.40,20.40
20221219,Lyrur,9,90.00,10.00,10.00,10.00
20221219,Skoturavar,558,1674.00,3.00,3.00,3.00
20221216,Toskur 1,980,31072.00,31.71,31.90,30.00
20221216,Toskur 2,1090,35800.50,32.84,34.60,30.00
20221216,Toskur 3,4322,110604.90,25.59,26.90,25.20
20221216,Toskur 4,13150,284308.10,21.62,22.20,21.00
20221216,Toskur 5,2698,53667.80,19.89,20.30,18.20
20221216,Toskur fryst,909,36360.00,40.00,40.00,40.00
20221216,Toskur 5 kg + fryst,14104,557108.00,39.50,39.50,39.50
20221216,Toskur 2.5 - 5.0 kg fryst,44930,1399805.00,31.16,38.50,22.00
20221216,Toskur 1.0 - 2.5 kg fryst,8779,311654.50,35.50,35.50,35.50
20221216,Toskur 0.5 - 1.0 kg fryst,1082,32460.00,30.00,30.00,30.00
20221216,Hysa 1 MSC,1706,38258.60,22.43,23.00,18.60
20221216,Hysa 2 MSC,16550,320073.00,19.34,20.40,18.40
20221216,Hysa 3 MSC,23530,393967.00,16.74,16.90,16.40
20221216,Hysa 4 MSC,1234,4936.00,4.00,4.00,4.00
20221216,Hvítingur,394,2066.00,5.24,8.20,3.00
20221216,Hvítingur fryst,401,2406.00,6.00,6.00,6.00
20221216,Upsi MSC,25,75.00,3.00,3.00,3.00
20221216,Brosma 1 MSC,60,480.00,8.00,8.00,8.00
20221216,Brosma 2 MSC,90,720.00,8.00,8.00,8.00
20221216,Brosma 3 MSC,135,810.00,6.00,6.00,6.00
20221216,Brosma 4 MSC,60,240.00,4.00,4.00,4.00
20221216,Brosma MSC,138,552.00,4.00,4.00,4.00
20221216,Longa 1 MSC,85,1360.00,16.00,16.00,16.00
20221216,Longa 2 MSC,135,2160.00,16.00,16.00,16.00
20221216,Longa 3 MSC,128,1536.00,12.00,12.00,12.00
20221216,Longa 4 MSC,60,420.00,7.00,7.00,7.00
20221216,Longa MSC,81,486.00,6.00,6.00,6.00
20221216,Longa 4 kg + fryst MSC,7297,165641.91,22.70,22.70,22.70
20221216,Longa 2 - 4 kg fryst MSC,6525,156600.00,24.00,24.00,24.00
20221216,Longa 0 - 2 kg fryst MSC,1021,22870.40,22.40,22.40,22.40
20221216,Havtaska,87,2751.00,31.62,33.00,25.00
20221216,Havtaska fryst,434,26040.00,60.00,60.00,60.00
20221216,Steinbítur,4,26.40,6.60,6.60,6.60
20221216,Kalvi 3,7,630.00,90.00,90.00,90.00
20221216,Lyrur,44,660.00,15.00,15.00,15.00
20221216,Skota,658,3290.00,5.00,5.00,5.00
20221214,Toskur 1,779,28358.64,36.42,37.20,29.40
20221214,Toskur 2,559,18194.02,32.56,36.20,28.40
20221214,Toskur 3,3029,84187.50,27.80,29.90,22.40
20221214,Toskur 4,4900,120325.54,24.56,25.20,18.40
20221214,Toskur 5,1593,29234.90,18.35,19.20,13.40
20221214,Toskur,60,1086.00,18.10,18.10,18.10
20221214,Hysa 1 MSC,1044,13001.43,12.46,21.80,7.00
20221214,Hysa 2 MSC,12449,182129.84,14.63,19.60,7.00
20221214,Hysa 3 MSC,16450,260088.94,15.81,18.10,7.00
20221214,Hysa 4 MSC,158,780.70,4.94,6.10,3.00
20221214,Hysa MSC,135,810.00,6.00,6.00,6.00
20221214,Hvítingur,3455,17560.00,5.08,6.50,5.00
20221214,Upsi MSC,3115,49622.50,15.93,16.00,12.90
20221214,Brosma 2 MSC,10,90.00,9.00,9.00,9.00
20221214,Brosma 3 MSC,11,66.00,6.00,6.00,6.00
20221214,Brosma 4 MSC,13,52.00,4.00,4.00,4.00
20221214,Brosma MSC,486,2940.20,6.05,8.70,4.10
20221214,Longa 2 MSC,28,417.20,14.90,14.90,14.90
20221214,Longa 3 MSC,38,456.00,12.00,12.00,12.00
20221214,Longa 4 MSC,32,256.00,8.00,8.00,8.00
20221214,Longa MSC,2495,39920.00,16.00,16.00,16.00
20221214,Longa,30,180.00,6.00,6.00,6.00
20221214,Svartkalvi 1,1020,35705.00,35.00,37.70,33.00
20221214,Svartkalvi 2,2040,71410.00,35.00,37.70,33.00
20221214,Svartkalvi 3,5100,178525.00,35.00,37.70,33.00
20221214,Svartkalvi 4,2040,71410.00,35.00,37.70,33.00
20221214,Svartkalvi (sek.),1980,23760.00,12.00,12.00,12.00
20221214,Blalonga,2405,12240.50,5.09,8.10,4.00
20221214,Kongafiskur,80,968.00,12.10,12.10,12.10
20221214,Havtaska,732,25434.00,34.75,34.80,34.50
20221214,Havtaska 1,1063,37697.60,35.48,36.00,35.00
20221214,Havtaska 2,3313,117701.60,35.53,36.00,35.00
20221214,Havtaska 3,2213,77779.20,35.15,36.00,35.00
20221214,Havtaska 4,598,20960.80,35.05,35.20,35.00
20221214,Havtaska 5,65,2260.80,35.05,35.20,35.00
20221214,Havtaska (sek.),240,3840.00,16.00,16.00,16.00
20221214,Steinbítur,1,7.80,7.80,7.80,7.80
20221214,Kalvi 3,8,700.00,87.50,87.50,87.50
20221214,Reydsproka,50,995.00,19.90,19.90,19.90
20221214,Lyrur,4,60.00,15.00,15.00,15.00
20221214,Lysingur,3,16.50,5.50,5.50,5.50
20221214,Skota,5,27.00,5.40,5.40,5.40
20221214,Skoturavar,280,3080.00,11.00,11.00,11.00
20221214,Skrubba,164,902.00,5.50,5.50,5.50
20221214,Lalla,180,1008.00,5.60,5.60,5.60
20221208,Toskur 1,608,20257.36,33.31,38.80,29.90
20221208,Toskur 2,1226,37805.96,30.83,36.00,28.90
20221208,Toskur 3,1398,38047.80,27.22,28.90,25.90
20221208,Toskur 4,1592,37618.08,23.64,24.00,21.90
20221208,Toskur 5,656,11882.40,18.11,19.50,12.90
20221208,Hysa 1 MSC,172,3609.60,20.99,21.30,20.70
20221208,Hysa 2 MSC,3028,61444.40,20.29,20.30,20.20
20221208,Hysa 3 MSC,5746,110085.80,19.16,19.30,17.90
20221208,Hysa 4 MSC,234,1477.20,6.31,7.30,4.00
20221208,Hysa MSC,4480,36880.00,8.23,10.00,6.00
20221208,Hvítingur,50,425.00,8.50,8.50,8.50
20221208,Upsi MSC,25,250.00,10.00,10.00,10.00
20221208,Brosma MSC,350,2820.00,8.06,12.00,5.10
20221208,Longa 1 MSC,924,16632.00,18.00,18.00,18.00
20221208,Longa 2 MSC,6636,119448.00,18.00,18.00,18.00
20221208,Longa 3 MSC,756,12096.00,16.00,16.00,16.00
20221208,Longa 4 MSC,84,1176.00,14.00,14.00,14.00
20221208,Longa MSC,100,1800.00,18.00,18.00,18.00
20221208,Blalonga,140,1890.00,13.50,13.50,13.50
20221208,Kongafiskur,1960,22344.00,11.40,11.40,11.40
20221208,Havtaska,2920,87202.00,29.86,32.00,29.70
20221208,Reydsproka,25,567.50,22.70,22.70,22.70
20221208,Lyrur,25,517.50,20.70,20.70,20.70
20221208,Skrubba,60,330.00,5.50,5.50,5.50
20221206,Toskur 1,1.097,40382.40,36.81,38.30,32.90
20221206,Toskur 2,590,20607.80,34.93,37.30,31.90
20221206,Toskur 3,3345,99774.60,29.83,33.30,24.00
20221206,Toskur 4,7686,188512.60,24.53,27.30,21.90
20221206,Toskur 5,2221,38379.80,17.28,19.50,15.10
20221206,Hysa 1 MSC,571,11414.80,19.99,22.20,16.00
20221206,Hysa 2 MSC,10347,197906.40,19.13,20.20,17.00
20221206,Hysa 3 MSC,15903,256440.30,16.13,18.20,10.90
20221206,Hysa 4 MSC,487,1362.90,2.80,4.50,1.00
20221206,Hvítingur,42,277.20,6.60,6.60,6.60
20221206,Upsi 1 MSC,900,14940.00,16.60,16.60,16.60
20221206,Upsi 2 MSC,500,8300.00,16.60,16.60,16.60
20221206,Upsi 3 MSC,150,2280.00,15.20,15.20,15.20
20221206,Upsi 4 MSC,10,140.00,14.00,14.00,14.00
20221206,Upsi 5 MSC,3,12.00,4.00,4.00,4.00
20221206,Upsi MSC,7,24.50,3.50,3.50,3.50
20221206,Brosma 4 MSC,2,8.80,4.40,4.40,4.40
20221206,Brosma MSC,146,868.00,5.95,6.00,4.00
20221206,Longa 1 MSC,512,10684.00,20.87,21.00,17.00
20221206,Longa 2 MSC,660,13800.00,20.91,21.00,17.00
20221206,Longa 3 MSC,217,4074.00,18.77,19.00,12.00
20221206,Longa 4 MSC,134,2152.00,16.06,17.00,8.00
20221206,Longa 5 MSC,38,160.00,4.21,5.00,4.00
20221206,Longa MSC,26,208.00,8.00,8.00,8.00
20221206,Kongafiskur,1,10.00,10.00,10.00,10.00
20221206,Havtaska,180,6760.00,37.56,38.00,30.00
20221206,Steinbítur,5,34.50,6.90,6.90,6.90
20221206,Reydsproka,5,59.50,11.90,11.90,11.90
20221206,Lyrur,119,2618.00,22.00,22.00,22.00
20221206,Skrubba,52,286.00,5.50,5.50,5.50
20221202,Toskur 1,659,24568.10,37.28,38.00,36.90
20221202,Toskur 2,398,14648.00,36.80,37.00,34.00
20221202,Toskur 3,2557,68459.60,26.77,30.00,24.30
20221202,Toskur 4,5077,122563.40,24.14,26.00,23.40
20221202,Toskur 5,1099,22317.70,20.31,20.50,19.70
20221202,Hysa 1 MSC,907,22322.94,24.62,24.90,22.70
20221202,Hysa 2 MSC,12801,289373.88,22.61,23.30,21.70
20221202,Hysa 3 MSC,16884,344745.59,20.42,21.40,18.90
20221202,Hysa 4 MSC,568,3345.08,5.89,9.40,3.00
20221202,Hvítingur,103,813.70,7.90,7.90,7.90
20221202,Upsi MSC,31,251.10,8.10,8.10,8.10
20221202,Brosma 1 MSC,15,163.50,10.90,10.90,10.90
20221202,Brosma 2 MSC,20,218.00,10.90,10.90,10.90
20221202,Brosma 3 MSC,26,254.80,9.80,9.80,9.80
20221202,Brosma 4 MSC,10,50.00,5.00,5.00,5.00
20221202,Brosma MSC,26,213.20,8.20,8.20,8.20
20221202,Longa 1 MSC,167,3323.30,19.90,19.90,19.90
20221202,Longa 2 MSC,150,2985.00,19.90,19.90,19.90
20221202,Longa 3 MSC,20,294.00,14.70,14.70,14.70
20221202,Longa 4 MSC,16,129.60,8.10,8.10,8.10
20221202,Longa MSC,30,330.00,11.00,11.00,11.00
20221202,Havtaska,56,2150.10,38.39,39.60,35.10
20221202,Reydsproka,5,82.50,16.50,16.50,16.50
20221202,Skrubba,106,583.00,5.50,5.50,5.50
20221202,Annar rafiskur,15,213.00,14.20,14.20,14.20
20221201,Toskur 1,1133,33540.60,29.60,37.20,27.00
20221201,Toskur 2,1211,34068.00,28.13,34.80,26.00
20221201,Toskur 3,1230,32378.70,26.32,27.40,23.00
20221201,Toskur 4,3498,81208.10,23.21,24.00,19.00
20221201,Toskur 5,1040,19942.90,19.17,20.10,10.00
20221201,Hysa 1 MSC,414,10038.20,24.25,25.60,23.40
20221201,Hysa 2 MSC,4907,119714.10,24.40,24.60,19.40
20221201,Hysa 3 MSC,12299,277054.01,22.53,23.60,18.10
20221201,Hysa 4 MSC,282,1873.80,6.64,11.60,4.40
20221201,Hvítingur,407,3311.10,8.14,9.70,8.10
20221201,Upsi 1 MSC,800,12640.00,15.80,15.80,15.80
20221201,Upsi 2 MSC,600,9060.00,15.10,15.10,15.10
20221201,Upsi 3 MSC,300,3900.00,13.00,13.00,13.00
20221201,Upsi 4 MSC,100,1200.00,12.00,12.00,12.00
20221201,Upsi MSC,1,8.00,8.00,8.00,8.00
20221201,Brosma 2 MSC,20,172.00,8.60,8.60,8.60
20221201,Brosma 3 MSC,20,120.00,6.00,6.00,6.00
20221201,Brosma 4 MSC,10,50.00,5.00,5.00,5.00
20221201,Brosma MSC,210,1050.00,5.00,5.00,5.00
20221201,Longa 1 MSC,1142,22672.00,19.85,20.20,19.00
20221201,Longa 2 MSC,4016,79688.00,19.84,20.20,18.00
20221201,Longa 3 MSC,182,3192.00,17.54,18.20,15.00
20221201,Longa 4 MSC,124,1872.00,15.10,16.20,10.00
20221201,Longa 5 MSC,1,6.00,6.00,6.00,6.00
20221201,Longa MSC,11,88.00,8.00,8.00,8.00
20221201,Havtaska,1323,51053.20,38.59,38.60,38.40
20221201,Skota,15,102.00,6.80,6.80,6.80
20221201,Skrubba,51,285.60,5.60,5.60,5.60
20221201,Annar rafiskur,10,95.00,9.50,9.50,9.50
20221130,Toskur 1,1123,41140.10,36.63,37.50,34.10
20221130,Toskur 2,1114,38458.20,34.52,34.80,33.80
20221130,Toskur 3,5306,142220.39,26.80,28.60,25.00
20221130,Toskur 4,15973,367301.00,23.00,23.30,22.00
20221130,Toskur 5,4976,94744.10,19.04,19.60,17.00
20221130,Toskur 2.5 - 5.0 kg fryst,8795,369390.00,42.00,42.00,42.00
20221130,Hysa 1 MSC,2115,49805.10,23.55,24.20,23.20
20221130,Hysa 2 MSC,20412,444217.41,21.76,22.60,20.10
20221130,Hysa 3 MSC,35542,678262.59,19.08,19.70,18.40
20221130,Hysa 4 MSC,1402,5575.60,3.98,4.60,3.00
20221130,Hysa MSC,835,8171.50,9.79,14.90,8.80
20221130,Hysa 0.8 - 1.5 kg fryst MSC,17649,582400.50,33.00,33.00,33.00
20221130,Hysa 0 - 0.5 kg fryst MSC,2635,36883.00,14.00,14.00,14.00
20221130,Hvítingur,407,4029.30,9.90,9.90,9.90
20221130,Hvítingur fryst,2290,13737.00,6.00,6.00,6.00
20221130,Upsi 4 MSC,5,40.00,8.00,8.00,8.00
20221130,Upsi MSC,29,217.50,7.50,7.50,7.50
20221130,Brosma 1 MSC,25,200.00,8.00,8.00,8.00
20221130,Brosma 2 MSC,35,280.00,8.00,8.00,8.00
20221130,Brosma 3 MSC,55,330.00,6.00,6.00,6.00
20221130,Brosma 4 MSC,45,180.00,4.00,4.00,4.00
20221130,Brosma MSC,139,708.90,5.10,5.10,5.10
20221130,Brosma 0 - 1 kg fryst MSC,5547,88752.00,16.00,16.00,16.00
20221130,Longa 1 MSC,77,1247.40,16.20,16.20,16.20
20221130,Longa 2 MSC,134,1876.00,14.00,14.00,14.00
20221130,Longa 3 MSC,79,948.00,12.00,12.00,12.00
20221130,Longa 4 MSC,62,496.00,8.00,8.00,8.00
20221130,Longa 5 MSC,7,42.00,6.00,6.00,6.00
20221130,Longa MSC,89,801.00,9.00,9.00,9.00
20221130,Longa 2 - 4 kg fryst MSC,18376,477776.00,26.00,26.00,26.00
20221130,Svartkalvi,50,1500.00,30.00,30.00,30.00
20221130,Blalonga,5700,116280.00,20.40,20.40,20.40
20221130,Kongafiskur,29379,565142.60,19.24,21.00,4.40
20221130,Havtaska,1547,54654.40,35.33,35.40,34.60
20221130,Havtaskuhalar fryst,614,40981.80,66.80,66.80,66.80
20221130,Steinbítur,5,35.00,7.00,7.00,7.00
20221130,Liri,25,352.50,14.10,14.10,14.10
20221130,Kalvi 1,350,16735.00,47.81,48.50,47.00
20221130,Kalvi 2,67,5673.00,84.67,99.00,67.00
20221130,Reydsproka,10,131.00,13.10,13.10,13.10
20221130,Lyrur,48,979.20,20.40,20.40,20.40
20221130,Skota,150,615.00,4.10,4.10,4.10
20221130,Skoturavar,3,30.00,10.00,10.00,10.00
20221130,Skrubba,157,879.20,5.60,5.60,5.60
20221128,Toskur 1,377,13809.25,36.59,38.30,34.90
20221128,Toskur 2,1499,53373.68,35.61,37.30,32.70
20221128,Toskur 3,2862,84753.01,29.61,31.30,27.40
20221128,Toskur 4,4195,107800.05,25.69,27.30,23.90
20221128,Toskur 5,1009,20773.83,20.60,22.30,18.90
20221128,Toskur,30,453.00,15.10,15.10,15.10
20221128,Toskur 2.5 - 5.0 kg fryst,2000,88000.00,44.00,44.00,44.00
20221128,Toskur 1.0 - 2.5 kg fryst,3000,114000.00,38.00,38.00,38.00
20221128,Toskur 0.5 - 1.0 kg fryst,1000,28000.00,28.00,28.00,28.00
20221128,Hysa 1 MSC,221,4808.59,21.77,25.90,19.60
20221128,Hysa 2 MSC,3349,72120.61,21.54,23.60,18.60
20221128,Hysa 3 MSC,5973,114835.20,19.22,21.00,17.60
20221128,Hysa 4 MSC,191,1219.15,6.39,8.30,4.40
20221128,Hysa MSC,2332,35308.40,15.14,19.70,14.90
20221128,Hysa 1.5 kg + fryst MSC,19000,646000.00,34.00,34.00,34.00
20221128,Hysa 0.8 - 1.5 kg fryst MSC,19000,627000.00,33.00,33.00,33.00
20221128,Hysa 0.5 - 0.8 kg fryst MSC,5000,117500.00,23.50,23.50,23.50
20221128,Hvítingur,2218,18187.40,8.20,9.30,5.00
20221128,Hvítingur fryst,1314,7884.00,6.00,6.00,6.00
20221128,Upsi MSC,5470,77227.00,14.12,15.00,11.90
20221128,Upsi fryst MSC,551,8176.80,14.84,15.30,11.40
20221128,Brosma 2 MSC,21,126.00,6.00,6.00,6.00
20221128,Brosma MSC,130,585.00,4.50,4.50,4.50
20221128,Brosma 2 kg + fryst MSC,1000,21000.00,21.00,21.00,21.00
20221128,Brosma 1 - 2 kg fryst MSC,2000,37000.00,18.50,18.50,18.50
20221128,Brosma 0 - 1 kg fryst MSC,1000,15000.00,15.00,15.00,15.00
20221128,Longa MSC,3919,74852.90,19.10,19.10,19.10
20221128,Longa,60,300.00,5.00,5.00,5.00
20221128,Longa 4 kg + fryst MSC,8000,209600.00,26.20,26.30,26.10
20221128,Longa 2 - 4 kg fryst MSC,6000,156600.00,26.10,26.20,26.00
20221128,Longa 0 - 2 kg fryst MSC,1000,24500.00,24.50,24.50,24.50
20221128,Blalonga,30,180.00,6.00,6.00,6.00
20221128,Kongafiskur,145,1609.50,11.10,11.10,11.10
20221128,Havtaska,567,21874.20,38.58,38.60,32.60
20221128,Havtaska 1,1362,54273.23,39.84,42.90,37.10
20221128,Havtaska 2,5029,199794.91,39.73,42.90,37.10
20221128,Havtaska 3,5643,214070.25,37.94,42.90,37.10
20221128,Havtaska 4,2507,94450.68,37.68,38.10,37.10
20221128,Havtaska 5,104,3935.45,37.68,38.10,37.10
20221128,Havtaska (sek.),300,4800.00,16.00,16.00,16.00
20221128,Havtaskuhalar fryst,4990,328841.00,65.90,65.90,65.90
20221128,Reydsproka 1,444,13238.70,29.82,30.30,29.60
20221128,Reydsproka 2,740,22064.50,29.82,30.30,29.60
20221128,Reydsproka 3,296,8825.80,29.82,30.30,29.60
20221128,Reydsproka,3,52.80,17.60,17.60,17.60
20221128,Tunga,735,57362.50,78.04,80.00,75.25
20221128,Lyrur,145,3059.50,21.10,21.10,21.10
20221128,Lysingur,3,15.00,5.00,5.00,5.00
20221128,Skota,90,522.00,5.80,5.80,5.80
20221128,Skoturavar,350,4200.00,12.00,12.00,12.00
20221128,Skrubba,208,1144.00,5.50,5.50,5.50
20221128,Lalla,220,1100.00,5.00,5.00,5.00
20221128,Havtaskulivur,240,1200.00,5.00,5.00,5.00
20221124,Toskur 1,1199,43808.60,36.54,37.00,35.00
20221124,Toskur 2,298,10277.20,34.49,36.00,32.10
20221124,Toskur 3,3058,97071.00,31.74,32.60,30.40
20221124,Toskur 4,7259,177628.60,24.47,26.00,22.10
20221124,Toskur 5,1888,32704.00,17.32,23.00,13.40
20221124,Hysa 1 MSC,996,20541.10,20.62,21.80,17.00
20221124,Hysa 2 MSC,10728,212227.70,19.78,20.80,16.00
20221124,Hysa 3 MSC,22755,429704.11,18.88,19.80,13.90
20221124,Hysa 4 MSC,704,4816.20,6.85,7.80,3.00
20221124,Hvítingur,10,70.00,7.00,7.00,7.00
20221124,Upsi MSC,2,13.80,6.90,6.90,6.90
20221124,Brosma MSC,20,122.00,6.10,6.10,6.10
20221124,Longa 1 MSC,112,2232.00,20.00,20.00,20.00
20221124,Longa 2 MSC,191,3816.00,20.00,20.00,20.00
20221124,Longa 3 MSC,36,648.00,18.00,18.00,18.00
20221124,Longa 4 MSC,22,345.60,16.00,16.00,16.00
20221124,Longa MSC,20,260.00,13.00,13.00,13.00
20221124,Svartkalvi 1,1122,40555.00,36.15,37.80,35.00
20221124,Svartkalvi 2,2244,81110.00,36.15,37.80,35.00
20221124,Svartkalvi 3,5610,202775.00,36.15,37.80,35.00
20221124,Svartkalvi 4,2244,81110.00,36.15,37.80,35.00
20221124,Svartkalvi (sek.),2400,38400.00,16.00,16.00,16.00
20221124,Blalonga,1380,12516.00,9.07,9.80,7.70
20221124,Havtaska,125,4469.50,35.76,36.90,35.60
20221124,Reydsproka,2,30.20,15.10,15.10,15.10
20221124,Lyrur,74,1361.60,18.40,18.40,18.40
20221121,Toskur 1,1162,37086.60,31.92,36.50,26.70
20221121,Toskur 2,1870,56916.00,30.44,35.10,25.70
20221121,Toskur 3,2267,63826.70,28.15,30.90,22.70
20221121,Toskur 4,3409,86729.60,25.44,26.00,22.00
20221121,Toskur 5,770,14809.00,19.23,20.00,15.00
20221121,Toskur fryst,20,400.00,20.00,20.00,20.00
20221121,Toskur 5 kg + fryst,6547,301365.00,46.03,46.50,45.00
20221121,Toskur 2.5 - 5.0 kg fryst,10842,471790.19,43.52,44.00,43.10
20221121,Toskur 1.0 - 2.5 kg fryst,6934,263492.00,38.00,38.00,38.00
20221121,Toskur 0.5 - 1.0 kg fryst,1546,44480.00,28.77,30.00,28.10
20221121,Hysa 1 MSC,437,9859.50,22.56,23.30,22.00
20221121,Hysa 2 MSC,5259,133183.91,25.32,26.10,23.20
20221121,Hysa 3 MSC,10981,261811.59,23.84,24.60,22.60
20221121,Hysa 4 MSC,417,1879.60,4.51,5.00,4.20
20221121,Hysa MSC,5260,63916.00,12.15,13.10,10.00
20221121,Hysa 1.5 kg + fryst MSC,13000,442000.00,34.00,34.00,34.00
20221121,Hysa 0.8 - 1.5 kg fryst MSC,17000,578000.00,34.00,34.00,34.00
20221121,Hysa 0.5 - 0.8 kg fryst MSC,11000,253000.00,23.00,23.00,23.00
20221121,Hysa 0 - 0.5 kg fryst MSC,1000,17000.00,17.00,17.00,17.00
20221121,Hvítingur,585,3542.50,6.06,9.80,6.00
20221121,Hvítingur fryst,3118,18708.00,6.00,6.00,6.00
20221121,Upsi 2.5 - 5.0 kg fryst MSC,1693,27088.00,16.00,16.00,16.00
20221121,Upsi 0 - 2.5 kg fryst MSC,765,9945.00,13.00,13.00,13.00
20221121,Brosma 4 MSC,2,8.00,4.00,4.00,4.00
20221121,Brosma MSC,308,932.00,3.03,4.00,3.00
20221121,Brosma 2 kg + fryst MSC,4974,104454.00,21.00,21.00,21.00
20221121,Brosma 1 - 2 kg fryst MSC,23108,419444.00,18.15,18.50,18.00
20221121,Brosma 0 - 1 kg fryst MSC,5650,90700.00,16.05,16.10,16.00
20221121,Longa 1 MSC,628,11850.00,18.87,19.00,14.90
20221121,Longa 2 MSC,1706,32373.00,18.98,19.00,14.90
20221121,Longa 3 MSC,751,12692.00,16.90,17.00,12.00
20221121,Longa 4 MSC,175,2550.00,14.57,15.00,10.00
20221121,Longa 5 MSC,6,30.00,5.00,5.00,5.00
20221121,Longa fryst MSC,240,6000.00,25.00,25.00,25.00
20221121,Longa 4 kg + fryst MSC,48110,1271860.00,26.44,27.00,26.00
20221121,Longa 2 - 4 kg fryst MSC,31771,837046.00,26.35,27.00,26.00
20221121,Longa 0 - 2 kg fryst MSC,3178,79450.00,25.00,25.00,25.00
20221121,Kongafiskur,220,2595.00,11.80,12.00,11.70
20221121,Havtaska,5421,201372.09,37.15,38.20,32.80
20221121,Havtaskuhalar fryst,6975,466612.50,66.90,67.00,66.70
20221121,Steinbítur,10,97.00,9.70,9.70,9.70
20221121,Reydsproka,25,452.50,18.10,18.10,18.10
20221121,Tunga,25,685.00,27.40,27.40,27.40
20221121,Skrubba,64,352.00,5.50,5.50,5.50
20221117,Toskur 1,890,31392.37,35.27,35.80,34.30
20221117,Toskur 2,660,22419.33,33.97,34.80,33.30
20221117,Toskur 3,2182,60746.76,27.84,29.60,26.30
20221117,Toskur 4,5538,135789.59,24.52,26.50,22.30
20221117,Toskur 5,1258,21982.68,17.48,18.80,14.30
20221117,Toskur 5 kg + fryst,1872,80496.00,43.00,43.00,43.00
20221117,Toskur 2.5 - 5.0 kg fryst,5188,217896.00,42.00,42.00,42.00
20221117,Toskur 0.5 - 1.0 kg fryst,4071,134343.00,33.00,33.00,33.00
20221117,Hysa 1 MSC,495,11932.14,24.10,25.00,23.20
20221117,Hysa 2 MSC,6179,145770.17,23.59,26.00,22.20
20221117,Hysa 3 MSC,17082,378757.63,22.17,23.00,21.20
20221117,Hysa 4 MSC,470,4250.38,9.05,11.00,4.00
20221117,Hysa 1.5 kg + fryst MSC,29250,994500.00,34.00,34.00,34.00
20221117,Hvítingur,44,444.40,10.10,10.10,10.10
20221117,Hvítingur fryst,628,3768.00,6.00,6.00,6.00
20221117,Brosma 3 MSC,7,35.00,5.00,5.00,5.00
20221117,Brosma MSC,72,360.00,5.00,5.00,5.00
20221117,Longa 3 MSC,5,50.00,10.00,10.00,10.00
20221117,Longa 4 MSC,11,88.00,8.00,8.00,8.00
20221117,Longa MSC,62,613.80,9.90,9.90,9.90
20221117,Longa 2 - 4 kg fryst MSC,9612,259524.00,27.00,27.00,27.00
20221117,Longa 0 - 2 kg fryst MSC,1434,35850.00,25.00,25.00,25.00
20221117,Havtaska,80,2712.00,33.90,33.90,33.90
20221117,Havtaskuhalar fryst,2107,128737.70,61.10,61.10,61.10
20221117,Steinbítur,2,15.20,7.60,7.60,7.60
20221117,Reydsproka,5,74.50,14.90,14.90,14.90
20221117,Skrubba,95,522.50,5.50,5.50,5.50
20221117,oda,5,55.50,11.10,11.10,11.10
20221117,Jakupsskel,1,14.10,14.10,14.10,14.10
20221114,Toskur 1,907,30777.50,33.93,34.10,32.00
20221114,Toskur 2,1003,34326.40,34.22,34.40,31.80
20221114,Toskur 3,4072,105586.40,25.93,26.30,23.90
20221114,Toskur 4,12014,286194.40,23.82,24.20,23.40
20221114,Toskur 5,3801,68813.50,18.10,19.10,16.10
20221114,Toskur,240,3600.00,15.00,15.00,15.00
20221114,Hysa 1 MSC,1251,27438.50,21.93,23.10,18.00
20221114,Hysa 2 MSC,12454,274765.19,22.06,22.90,17.30
20221114,Hysa 3 MSC,25178,474545.30,18.85,19.20,16.20
20221114,Hysa 4 MSC,955,4434.00,4.64,5.00,4.00
20221114,Hysa MSC,88,1232.00,14.00,14.00,14.00
20221114,Hvítingur,213,1929.40,9.06,10.10,6.00
20221114,Upsi 1 MSC,700,10570.00,15.10,15.10,15.10
20221114,Upsi 2 MSC,200,3060.00,15.30,15.30,15.30
20221114,Upsi 3 MSC,100,1510.00,15.10,15.10,15.10
20221114,Upsi 4 MSC,23,238.00,10.35,11.00,6.00
20221114,Upsi 5 MSC,3,18.00,6.00,6.00,6.00
20221114,Upsi MSC,10,55.50,5.55,6.10,5.00
20221114,Brosma 4 MSC,1,4.00,4.00,4.00,4.00
20221114,Brosma MSC,92,368.00,4.00,4.00,4.00
20221114,Brosma,10,50.00,5.00,5.00,5.00
20221114,Longa 1 MSC,30,466.00,15.53,16.60,15.00
20221114,Longa 2 MSC,95,1534.00,16.15,16.60,8.00
20221114,Longa 3 MSC,31,493.80,15.93,16.60,14.00
20221114,Longa 4 MSC,19,175.00,9.21,10.00,7.00
20221114,Longa MSC,110,960.00,8.73,10.00,6.00
20221114,Longa,20,86.00,4.30,4.30,4.30
20221114,Svartkalvi 1,624,22776.00,36.50,36.50,36.50
20221114,Svartkalvi 2,1248,45552.00,36.50,36.50,36.50
20221114,Svartkalvi 3,3120,113880.00,36.50,36.50,36.50
20221114,Svartkalvi 4,1248,45552.00,36.50,36.50,36.50
20221114,Svartkalvi (sek.),1500,28100.00,18.73,20.10,16.00
20221114,Blalonga,20,68.00,3.40,3.40,3.40
20221114,Havtaska,165,5678.50,34.42,34.90,32.90
20221114,Kalvi 3,5,475.00,95.00,95.00,95.00
20221114,Reydsproka,3,38.70,12.90,12.90,12.90
20221114,Lyrur,6,72.00,12.00,12.00,12.00
20221114,Skota,66,396.00,6.00,6.00,6.00
20221114,Skrubba,280,1540.00,5.50,5.50,5.50
20221114,oda,10,80.00,8.00,8.00,8.00
20221109,Toskur 1,1244,38919.53,31.29,34.90,27.00
20221109,Toskur 2,2101,63970.76,30.44,33.90,26.00
20221109,Toskur 3,3683,97860.30,26.57,28.00,23.00
20221109,Toskur 4,4408,107913.34,24.48,26.10,20.80
20221109,Toskur 5,1177,21514.84,18.28,18.90,15.80
20221109,Toskur,300,5490.00,18.30,18.30,18.30
20221109,Toskur 5 kg + fryst MSC,7000,315000.00,45.00,45.00,45.00
20221109,Toskur 2.5 - 5.0 kg fryst MSC,12000,528000.00,44.00,44.00,44.00
20221109,Toskur 1.0 - 2.5 kg fryst MSC,10000,382000.00,38.20,38.20,38.20
20221109,Toskur 0.5 - 1.0 kg fryst MSC,1000,27000.00,27.00,27.00,27.00
20221109,Hysa 1 MSC,480,10493.33,21.85,24.40,5.00
20221109,Hysa 2 MSC,6689,124347.38,18.59,20.60,5.00
20221109,Hysa 3 MSC,13797,230165.22,16.68,18.40,5.00
20221109,Hysa 4 MSC,339,1954.03,5.76,11.00,5.00
20221109,Hysa MSC,250,2450.00,9.80,9.80,9.80
20221109,Hysa 1.5 kg + fryst MSC,14500,514750.00,35.50,35.50,35.50
20221109,Hysa 0.8 - 1.5 kg fryst MSC,8000,284000.00,35.50,35.50,35.50
20221109,Hysa 0.5 - 0.8 kg fryst MSC,2000,50000.00,25.00,25.00,25.00
20221109,Hvítingur,877,9978.90,11.38,13.20,6.10
20221109,Hvítingur fryst,1708,10248.00,6.00,6.00,6.00
20221109,Upsi MSC,7754,144724.80,18.66,19.80,13.00
20221109,Brosma 3 MSC,23,117.30,5.10,5.10,5.10
20221109,Brosma 4 MSC,10,40.00,4.00,4.00,4.00
20221109,Brosma MSC,473,1939.30,4.10,4.10,4.10
20221109,Brosma 2 kg + fryst,1000,21000.00,21.00,21.00,21.00
20221109,Brosma 1 - 2 kg fryst,4500,85500.00,19.00,19.00,19.00
20221109,Brosma 0 - 1 kg fryst MSC,6943,111088.00,16.00,16.00,16.00
20221109,Longa 1 MSC,1893,37779.00,19.96,20.10,15.00
20221109,Longa 2 MSC,5310,106170.00,19.99,20.10,15.00
20221109,Longa 3 MSC,857,15202.20,17.74,18.10,12.60
20221109,Longa 4 MSC,192,2412.00,12.56,13.10,10.00
20221109,Longa 5 MSC,5,30.00,6.00,6.00,6.00
20221109,Longa MSC,952,8568.00,9.00,9.00,9.00
20221109,Longa 4 kg + fryst,6000,168000.00,28.00,28.00,28.00
20221109,Longa 2 - 4 kg fryst,2500,70000.00,28.00,28.00,28.00
20221109,Longa 0 - 2 kg fryst MSC,3101,80626.00,26.00,26.00,26.00
20221109,Svartkalvi 1,1540,53565.00,34.78,38.50,33.00
20221109,Svartkalvi 2,3080,107130.00,34.78,38.50,33.00
20221109,Svartkalvi 3,7700,267825.00,34.78,38.50,33.00
20221109,Svartkalvi 4,3080,107130.00,34.78,38.50,33.00
20221109,Svartkalvi,50,1495.00,29.90,29.90,29.90
20221109,Svartkalvi (sek.),1200,21600.00,18.00,18.00,18.00
20221109,Blalonga 1,18287,195459.80,10.69,11.30,8.00
20221109,Blalonga 2,19307,205167.80,10.63,11.30,8.00
20221109,Blalonga 3,306,2912.40,9.52,10.60,8.00
20221109,Blalonga,800,5520.00,6.90,6.90,6.90
20221109,Kongafiskur 2,14160,196440.00,13.87,14.80,13.50
20221109,Kongafiskur 3,2655,34177.50,12.87,13.80,12.50
20221109,Kongafiskur 4,885,9622.50,10.87,11.80,10.50
20221109,Kongafiskur,15,162.50,10.83,11.80,8.90
20221109,Havtaska,763,25999.50,34.08,36.50,33.00
20221109,Havtaska 1,696,25209.60,36.22,37.00,32.10
20221109,Havtaska 2,2400,87078.00,36.28,37.00,32.10
20221109,Havtaska 3,576,19923.60,34.59,37.00,32.10
20221109,Havtaska 4,144,4622.40,32.10,32.10,32.10
20221109,Havtaska 5,24,770.40,32.10,32.10,32.10
20221109,Havtaska (sek.),240,3840.00,16.00,16.00,16.00
20221109,Havtaskuhalar fryst,1505,92066.70,61.17,61.30,60.00
20221109,Steinbítur,2,14.20,7.10,7.10,7.10
20221109,Liri,480,9600.00,20.00,20.00,20.00
20221109,Kalvi 1,100,3550.00,35.50,35.50,35.50
20221109,Reydsproka 1,47,1620.68,34.30,34.30,34.30
20221109,Reydsproka 2,221,7563.15,34.30,34.30,34.30
20221109,Reydsproka 3,47,1620.68,34.30,34.30,34.30
20221109,Tunga 1,28,1850.80,66.10,66.10,66.10
20221109,Tunga 2,196,12955.60,66.10,66.10,66.10
20221109,Tunga 3,56,3701.60,66.10,66.10,66.10
20221109,Lyrur,95,2345.50,24.69,25.00,19.10
20221109,Skoturavar,40,260.00,6.50,6.50,6.50
20221109,Skrubba,156,858.00,5.50,5.50,5.50
20221109,Lalla,3,16.20,5.40,5.40,5.40
20221109,Havtaskulivur,200,1300.00,6.50,6.50,6.50
20221107,Toskur 1,1957,67366.02,34.43,37.60,26.00
20221107,Toskur 2,2968,90272.44,30.41,36.60,24.00
20221107,Toskur 3,10424,276630.01,26.54,29.60,21.00
20221107,Toskur 4,17910,400728.37,22.37,25.60,12.00
20221107,Toskur 5,5168,86820.16,16.80,17.60,11.20
20221107,Hysa 1 MSC,2809,58876.40,20.96,23.40,17.00
20221107,Hysa 2 MSC,26732,540634.08,20.22,22.50,16.00
20221107,Hysa 3 MSC,48933,849216.55,17.35,18.30,15.00
20221107,Hysa 4 MSC,1908,8749.55,4.59,6.30,2.00
20221107,Hysa MSC,1836,20752.00,11.30,15.00,10.90
20221107,Hvítingur,681,6874.00,10.09,12.00,8.80
20221107,Upsi 1 MSC,818,12222.20,14.94,15.10,13.90
20221107,Upsi 2 MSC,237,3524.30,14.87,14.90,13.90
20221107,Upsi 3 MSC,217,2387.00,11.00,11.00,11.00
20221107,Upsi 4 MSC,44,396.00,9.00,9.00,9.00
20221107,Upsi 5 MSC,9,53.10,5.90,5.90,5.90
20221107,Upsi MSC,19,171.00,9.00,9.00,9.00
20221107,Brosma 1 MSC,75,945.00,12.60,13.00,11.80
20221107,Brosma 2 MSC,150,1773.00,11.82,11.90,11.70
20221107,Brosma 3 MSC,270,2735.00,10.13,10.50,10.00
20221107,Brosma 4 MSC,91,536.90,5.90,5.90,5.90
20221107,Brosma MSC,385,2065.60,5.37,6.90,5.20
20221107,Longa 1 MSC,1749,40225.00,23.00,24.10,17.00
20221107,Longa 2 MSC,8286,177017.00,21.36,24.10,17.00
20221107,Longa 3 MSC,3028,58312.60,19.26,22.10,15.00
20221107,Longa 4 MSC,662,9987.00,15.09,20.10,11.00
20221107,Longa 5 MSC,2,12.00,6.00,6.00,6.00
20221107,Longa MSC,78,709.80,9.10,9.10,9.10
20221107,Havtaska,4096,132458.00,32.34,32.70,30.00
20221107,Steinbítur,5,41.50,8.30,8.30,8.30
20221107,Kalvi 2,10,795.00,79.50,79.50,79.50
20221107,Reydsproka,194,3716.60,19.16,19.90,19.00
20221107,Lyrur,284,5704.50,20.09,21.00,19.90
20221107,Skrubba,154,847.00,5.50,5.50,5.50
20221103,Toskur 1,203,7149.50,35.22,35.30,33.90
20221103,Toskur 2,382,12512.10,32.75,33.90,31.80
20221103,Toskur 3,1584,39981.40,25.24,27.90,22.60
20221103,Toskur 4,4011,94435.70,23.54,24.40,22.60
20221103,Toskur 5,1252,21857.10,17.46,18.90,16.00
20221103,Toskur,300,6000.00,20.00,20.00,20.00
20221103,Hysa 1 MSC,405,9844.47,24.29,24.80,17.90
20221103,Hysa 2 MSC,6831,153865.95,22.53,23.70,16.90
20221103,Hysa 3 MSC,12705,260787.21,20.53,21.70,15.90
20221103,Hysa 4 MSC,339,1567.07,4.62,7.10,4.10
20221103,Hysa MSC,13,170.30,13.10,13.10,13.10
20221103,Hvítingur,89,937.30,10.53,10.90,10.10
20221103,Hvítingur fryst,2121,12726.00,6.00,6.00,6.00
20221103,Upsi MSC,3703,57963.80,15.65,15.80,4.60
20221103,Brosma 3 MSC,2,8.00,4.00,4.00,4.00
20221103,Brosma MSC,6,24.00,4.00,4.00,4.00
20221103,Longa 1 MSC,14,210.00,15.00,15.00,15.00
20221103,Longa 2 MSC,17,255.00,15.00,15.00,15.00
20221103,Longa 3 MSC,5,75.00,15.00,15.00,15.00
20221103,Longa 4 MSC,3,30.00,10.00,10.00,10.00
20221103,Longa MSC,1253,22393.10,17.87,18.10,12.70
20221103,Svartkalvi 1,372,13908.00,37.39,38.20,37.00
20221103,Svartkalvi 2,744,27816.00,37.39,38.20,37.00
20221103,Svartkalvi 3,1860,69540.00,37.39,38.20,37.00
20221103,Svartkalvi 4,744,27816.00,37.39,38.20,37.00
20221103,Svartkalvi (sek.),780,11700.00,15.00,15.00,15.00
20221103,Blalonga fryst,56,392.00,7.00,7.00,7.00
20221103,Kongafiskur fryst,24,168.00,7.00,7.00,7.00
20221103,Kongafiskur 1 kg + fryst,207,1449.00,7.00,7.00,7.00
20221103,Kongafiskur 0.5-1kg fryst,249,1743.00,7.00,7.00,7.00
20221103,Havtaska,74,2442.00,33.00,33.00,33.00
20221103,Havtaskuhalar fryst,31,1395.00,45.00,45.00,45.00
20221103,Liri fryst,48,336.00,7.00,7.00,7.00
20221103,Liri 3 kg + fryst,48,336.00,7.00,7.00,7.00
20221103,Liri 0-3 kg fryst,634,4438.00,7.00,7.00,7.00
20221103,Skrubba,114,627.00,5.50,5.50,5.50
20221103,Hemari,100,400.00,4.00,4.00,4.00
20221102,Toskur 1,2087,65621.30,31.44,35.60,31.00
20221102,Toskur 2,1407,47109.85,33.49,34.60,30.10
20221102,Toskur 3,4682,129112.00,27.58,28.60,24.10
20221102,Toskur 4,4038,94946.75,23.52,24.60,22.70
20221102,Toskur 5,1030,18006.40,17.48,19.60,16.00
20221102,Toskur 0.5 - 1.0 kg fryst MSC,2706,73062.00,27.00,27.00,27.00
20221102,Hysa 1 MSC,433,9017.60,20.82,21.90,15.00
20221102,Hysa 2 MSC,6509,124168.30,19.08,21.10,14.00
20221102,Hysa 3 MSC,15192,272828.03,17.96,20.50,13.00
20221102,Hysa 4 MSC,444,2099.78,4.73,6.40,3.00
20221102,Hysa 0.8 - 1.5 kg fryst MSC,15644,531896.00,34.00,34.00,34.00
20221102,Hysa 0.5 - 0.8 kg fryst MSC,4900,102900.00,21.00,21.00,21.00
20221102,Hvítingur,289,2392.10,8.28,8.90,8.00
20221102,Upsi MSC,8628,131804.00,15.28,15.30,8.00
20221102,Upsi fryst MSC,169,2450.50,14.50,14.50,14.50
20221102,Upsi 2.5 - 5.0 kg fryst MSC,6000,104400.00,17.40,17.40,17.40
20221102,Upsi 0 - 2.5 kg fryst MSC,48,696.00,14.50,14.50,14.50
20221102,Brosma 1 MSC,20,220.00,11.00,11.00,11.00
20221102,Brosma 2 MSC,20,220.00,11.00,11.00,11.00
20221102,Brosma 3 MSC,40,360.00,9.00,9.00,9.00
20221102,Brosma 4 MSC,20,120.00,6.00,6.00,6.00
20221102,Brosma MSC,65,390.00,6.00,6.00,6.00
20221102,Brosma 2 kg + fryst,4139,86919.00,21.00,21.00,21.00
20221102,Brosma 1 - 2 kg fryst,10052,185962.00,18.50,18.50,18.50
20221102,Brosma 0 - 1 kg fryst,1546,23190.00,15.00,15.00,15.00
20221102,Longa 1 MSC,30,470.00,15.67,16.00,15.00
20221102,Longa 2 MSC,42,650.00,15.48,16.00,15.00
20221102,Longa 3 MSC,51,703.00,13.78,15.00,13.00
20221102,Longa 4 MSC,29,320.00,11.03,12.00,10.00
20221102,Longa MSC,1270,21717.00,17.10,17.10,17.10
20221102,Longa,180,1800.00,10.00,10.00,10.00
20221102,Kongafiskur,20,260.00,13.00,13.00,13.00
20221102,Havtaska,20,632.00,31.60,31.60,31.60
20221102,Havtaska 1,2974,92154.05,30.99,31.00,30.70
20221102,Havtaska 2,10285,318786.09,31.00,31.00,30.70
20221102,Havtaska 3,2138,66070.40,30.90,31.00,30.70
20221102,Havtaska 4,612,18788.40,30.70,30.70,30.70
20221102,Havtaska 5,82,2502.05,30.70,30.70,30.70
20221102,Havtaska (sek.),270,5022.00,18.60,18.60,18.60
20221102,Steinbítur fryst,334,2338.00,7.00,7.00,7.00
20221102,Kalvi 4,2,120.00,60.00,60.00,60.00
20221102,Reydsproka 1,240,7064.00,29.43,29.70,28.90
20221102,Reydsproka 2,820,24162.00,29.47,29.70,28.90
20221102,Reydsproka 3,240,7064.00,29.43,29.70,28.90
20221102,Reydsproka,55,1564.00,28.44,29.70,15.80
20221102,Tunga 1,93,5064.02,54.75,55.10,54.25
20221102,Tunga 2,802,43802.68,54.65,55.10,54.25
20221102,Tunga 3,416,22659.80,54.47,55.10,54.25
20221102,Tunga,180,9765.00,54.25,54.25,54.25
20221102,Hvasskvoysa,10,1205.00,120.50,120.50,120.50
20221102,Lyrur,60,1260.00,21.00,21.00,21.00
20221102,Skoturavar,20,200.00,10.00,10.00,10.00
20221102,Skrubba,249,1369.50,5.50,5.50,5.50
20221102,Havtaskulivur,580,3770.00,6.50,6.50,6.50
20221031,Toskur 1,2121,76560.88,36.09,39.10,30.70
20221031,Toskur 2,1828,58773.61,32.15,34.20,29.70
20221031,Toskur 3,6806,179909.35,26.44,28.20,23.70
20221031,Toskur 4,11408,264515.67,23.19,24.20,19.70
20221031,Toskur 5,3065,50415.44,16.45,19.20,14.10
20221031,Toskur,5170,153100.00,29.61,32.50,15.00
20221031,Hysa 1 MSC,23369,412450.22,17.65,23.20,10.00
20221031,Hysa 2 MSC,32217,570459.94,17.71,20.80,10.00
20221031,Hysa 3 MSC,29861,489966.39,16.41,19.70,10.00
20221031,Hysa 4 MSC,614,2564.05,4.18,5.30,3.00
20221031,Hysa MSC,1003,9998.70,9.97,12.90,9.40
20221031,Hvítingur,932,7259.00,7.79,14.00,6.00
20221031,Upsi 1 MSC,970,17363.00,17.90,17.90,17.90
20221031,Upsi 2 MSC,500,8850.00,17.70,17.70,17.70
20221031,Upsi 3 MSC,200,3660.00,18.30,18.30,18.30
20221031,Upsi 4 MSC,50,670.00,13.40,13.40,13.40
20221031,Upsi MSC,1737,27564.00,15.87,16.00,12.00
20221031,Brosma 1 MSC,145,1995.50,13.76,13.90,13.70
20221031,Brosma 2 MSC,305,3870.50,12.69,13.00,12.10
20221031,Brosma 3 MSC,215,2150.00,10.00,10.00,10.00
20221031,Brosma 4 MSC,71,426.00,6.00,6.00,6.00
20221031,Brosma MSC,652,4482.40,6.87,7.00,6.20
20221031,Longa 1 MSC,2964,67714.32,22.85,23.00,20.90
20221031,Longa 2 MSC,2722,61898.00,22.74,22.90,20.00
20221031,Longa 3 MSC,288,5638.50,19.58,20.90,18.90
20221031,Longa 4 MSC,29,348.00,12.00,12.00,12.00
20221031,Longa 5 MSC,1,6.00,6.00,6.00,6.00
20221031,Longa MSC,4848,99177.60,20.46,21.10,7.90
20221031,Svartkalvi 1,285,9975.00,35.00,35.00,35.00
20221031,Svartkalvi 2,570,19950.00,35.00,35.00,35.00
20221031,Svartkalvi 3,1425,49875.00,35.00,35.00,35.00
20221031,Svartkalvi 4,570,19950.00,35.00,35.00,35.00
20221031,Svartkalvi (sek.),360,5400.00,15.00,15.00,15.00
20221031,Blálonga,7160,72948.00,10.19,12.80,6.00
20221031,Kongafiskur,3590,50495.00,14.07,15.60,10.50
20221031,Havtaska,4675,144601.09,30.93,31.10,30.10
20221031,Havtaska 1,17,520.80,31.00,31.00,31.00
20221031,Havtaska 2,34,1041.60,31.00,31.00,31.00
20221031,Havtaska 3,168,5208.00,31.00,31.00,31.00
20221031,Havtaska 4,101,3124.80,31.00,31.00,31.00
20221031,Havtaska 5,17,520.80,31.00,31.00,31.00
20221031,Steinbítur,2,29.80,14.90,14.90,14.90
20221031,Kalvi 1,120,5400.00,45.00,45.00,45.00
20221031,Kalvi 2,35,3342.50,95.50,95.50,95.50
20221031,Kalvi 3,10,840.00,84.00,84.00,84.00
20221031,Reyðsproka 1,122,3080.02,25.35,28.70,22.00
20221031,Reyðsproka 2,567,14373.45,25.35,28.70,22.00
20221031,Reyðsproka 3,122,3080.02,25.35,28.70,22.00
20221031,Reyðsproka,32,528.00,16.50,16.50,16.50
20221031,Tunga 1,64,3149.00,49.20,55.20,35.00
20221031,Tunga 2,448,22043.00,49.20,55.20,35.00
20221031,Tunga 3,128,6298.00,49.20,55.20,35.00
20221031,Tunga,25,590.00,23.60,23.60,23.60
20221031,Lyrur,59,1262.60,21.40,21.40,21.40
20221031,Skoturavar,159,1590.00,10.00,10.00,10.00
20221031,Skrubba,189,1039.50,5.50,5.50,5.50
20221028,Toskur 1,40,1314.00,32.85,33.00,32.70
20221028,Toskur 2,45,1458.00,32.40,32.60,31.70
20221028,Toskur 3,316,8209.40,25.98,26.60,25.70
20221028,Toskur 4,874,20602.50,23.57,25.00,23.00
20221028,Toskur 5,360,5708.50,15.86,17.00,14.90
20221028,Hysa 1 MSC,234,5653.00,24.16,24.30,19.00
20221028,Hysa 2 MSC,2488,59608.80,23.96,24.10,20.10
20221028,Hysa 3 MSC,2248,48125.80,21.41,22.60,19.10
20221028,Hysa 4 MSC,111,521.50,4.70,4.90,4.50
20221028,Hvítingur,36,345.60,9.60,11.00,8.60
20221028,Hvítingur fryst,1535,10745.00,7.00,7.00,7.00
20221028,Upsi MSC,12,67.00,5.58,5.90,4.00
20221028,Brosma MSC,2,8.00,4.00,4.00,4.00
20221028,Brosma 2 kg + fryst MSC,4127,86667.00,21.00,21.00,21.00
20221028,Brosma 1 - 2 kg fryst MSC,23202,417636.00,18.00,18.00,18.00
20221028,Brosma 0 - 1 kg fryst MSC,5175,85905.00,16.60,16.60,16.60
20221028,Longa 1 MSC,10,150.00,15.00,15.00,15.00
20221028,Longa 2 MSC,10,150.00,15.00,15.00,15.00
20221028,Longa 3 MSC,20,240.00,12.00,12.00,12.00
20221028,Longa 4 MSC,5,50.00,10.00,10.00,10.00
20221028,Longa MSC,14,56.00,4.00,4.00,4.00
20221028,Longa 4 kg + fryst MSC,21455,611467.50,28.50,28.50,28.50
20221028,Longa 2 - 4 kg fryst MSC,36593,1024604.00,28.00,28.00,28.00
20221028,Longa 0 - 2 kg fryst MSC,2159,56134.00,26.00,26.00,26.00
20221028,Havtaskuhalar fryst,188,11298.80,60.10,60.10,60.10
20221028,Kalvi 10-40 kg fryst,35,2450.00,70.00,70.00,70.00
20221028,Skota,75,420.00,5.60,5.60,5.60
20221028,Skrubba,10,55.00,5.50,5.50,5.50
20221028,Skoturavar fryst,40,680.00,17.00,17.00,17.00
20221026,Toskur 1,1328,43080.80,32.44,36.40,28.80
20221026,Toskur 2,2190,69929.50,31.94,33.90,27.80
20221026,Toskur 3,5765,152883.80,26.52,27.90,21.80
20221026,Toskur 4,9069,208867.36,23.03,24.50,17.80
20221026,Toskur 5,2891,49516.93,17.13,19.00,12.10
20221026,Toskur,1800,42920.00,23.84,25.40,21.90
20221026,Toskur 5 kg + fryst MSC,4000,187200.00,46.80,46.80,46.80
20221026,Toskur 2.5 - 5.0 kg fryst MSC,7000,313600.00,44.80,44.80,44.80
20221026,Toskur 1.0 - 2.5 kg fryst MSC,10000,390000.00,39.00,39.00,39.00
20221026,Toskur 0.5 - 1.0 kg fryst MSC,3000,91500.00,30.50,30.50,30.50
20221026,Hysa 1 MSC,695,13937.60,20.05,22.20,12.40
20221026,Hysa 2 MSC,8691,167761.80,19.30,21.30,11.40
20221026,Hysa 3 MSC,20297,321968.00,15.86,16.50,10.40
20221026,Hysa 4 MSC,732,3190.10,4.36,5.70,0.40
20221026,Hysa MSC,1181,8354.00,7.07,11.00,6.80
20221026,Hysa 1.5 kg + fryst MSC,17000,646000.00,38.00,38.00,38.00
20221026,Hysa 0.8 - 1.5 kg fryst MSC,6000,228000.00,38.00,38.00,38.00
20221026,Hysa 0.5 - 0.8 kg fryst MSC,2000,50000.00,25.00,25.00,25.00
20221026,Hvítingur,1092,7590.00,6.95,13.50,5.00
20221026,Hvítingur fryst,444,2664.00,6.00,6.00,6.00
20221026,Upsi 1 MSC,1000,13000.00,13.00,13.00,13.00
20221026,Upsi 2 MSC,500,6500.00,13.00,13.00,13.00
20221026,Upsi 3 MSC,450,6345.00,14.10,14.10,14.10
20221026,Upsi 4 MSC,52,506.00,9.73,10.00,3.00
20221026,Upsi 5 MSC,5,29.00,5.80,5.80,5.80
20221026,Upsi MSC,1390,16396.50,11.80,11.90,7.10
20221026,Upsi 2.5 - 5.0 kg fryst MSC,3772,69782.00,18.50,18.50,18.50
20221026,Brosma 1 MSC,20,200.00,10.00,10.00,10.00
20221026,Brosma 2 MSC,30,300.00,10.00,10.00,10.00
20221026,Brosma 3 MSC,60,480.00,8.00,8.00,8.00
20221026,Brosma 4 MSC,20,120.00,6.00,6.00,6.00
20221026,Brosma MSC,124,796.40,6.42,6.60,6.10
20221026,Brosma 2 kg + fryst,1000,22000.00,22.00,22.00,22.00
20221026,Brosma 1 - 2 kg fryst,3000,57000.00,19.00,19.00,19.00
20221026,Brosma 0 - 1 kg fryst,1000,15700.00,15.70,15.70,15.70
20221026,Longa 1 MSC,785,16652.00,21.21,21.70,20.00
20221026,Longa 2 MSC,2630,55852.00,21.24,21.70,18.00
20221026,Longa 3 MSC,383,7888.40,20.60,21.70,16.00
20221026,Longa 4 MSC,120,1949.60,16.25,21.70,14.00
20221026,Longa 5 MSC,13,65.00,5.00,5.00,5.00
20221026,Longa MSC,522,9860.00,18.89,20.00,10.00
20221026,Longa,100,1200.00,12.00,12.00,12.00
20221026,Longa 4 kg + fryst,5000,145000.00,29.00,29.00,29.00
20221026,Longa 2 - 4 kg fryst,2000,57400.00,28.70,28.70,28.70
20221026,Svartkalvi 1,948,33930.00,35.79,36.70,35.00
20221026,Svartkalvi 2,1896,67860.00,35.79,36.70,35.00
20221026,Svartkalvi 3,4740,169650.00,35.79,36.70,35.00
20221026,Svartkalvi 4,1896,67860.00,35.79,36.70,35.00
20221026,Svartkalvi,3400,110410.00,32.47,32.50,32.40
20221026,Svartkalvi (sek.),1260,20160.00,16.00,16.00,16.00
20221026,Blálonga,27460,316600.00,11.53,14.90,5.00
20221026,Kongafiskur 2,2260,25600.00,11.33,14.00,8.00
20221026,Kongafiskur 3,2825,29175.00,10.33,13.00,7.00
20221026,Kongafiskur 4,565,4705.00,8.33,11.00,5.00
20221026,Havtaska,1694,52150.00,30.79,30.80,30.50
20221026,Havtaska 1,2310,75678.00,32.76,32.80,31.00
20221026,Havtaska 2,8010,262548.00,32.78,32.80,31.00
20221026,Havtaska 3,1630,52564.00,32.25,32.80,31.00
20221026,Havtaska 4,300,9300.00,31.00,31.00,31.00
20221026,Havtaska 5,50,1550.00,31.00,31.00,31.00
20221026,Havtaska (sek.),300,6300.00,21.00,21.00,21.00
20221026,Steinbítur fryst,24,237.60,9.90,9.90,9.90
20221026,Kalvi 2,20,1800.00,90.00,90.00,90.00
20221026,Reyðsproka 1,240,7291.50,30.38,31.10,28.80
20221026,Reyðsproka 2,1120,34027.00,30.38,31.10,28.80
20221026,Reyðsproka 3,240,7291.50,30.38,31.10,28.80
20221026,Tunga 1,130,6295.00,48.42,51.00,40.25
20221026,Tunga 2,910,44065.00,48.42,51.00,40.25
20221026,Tunga 3,260,12590.00,48.42,51.00,40.25
20221026,Hvasskvoysa,15,1597.50,106.50,106.50,106.50
20221026,Lyrur,118,2360.00,20.00,20.00,20.00
20221026,Skota,2,7.20,3.60,3.60,3.60
20221026,Skrubba,207,1138.50,5.50,5.50,5.50
20221026,Havtaskulivur,400,2600.00,6.50,6.50,6.50
20221021,Toskur 1,276,9662.70,35.01,37.30,31.90
20221021,Toskur 2,266,8811.50,33.13,33.50,30.50
20221021,Toskur 3,1606,43032.20,26.79,27.70,22.90
20221021,Toskur 4,6720,150738.00,22.43,23.00,22.30
20221021,Toskur 5,1718,33801.10,19.67,20.90,15.50
20221021,Hysa 1 MSC,340,8586.20,25.25,25.90,21.50
20221021,Hysa 2 MSC,6331,147020.50,23.22,24.00,22.20
20221021,Hysa 3 MSC,11769,230380.70,19.58,20.00,17.80
20221021,Hysa 4 MSC,472,2304.80,4.88,4.90,4.10
20221021,Hysa MSC,15,270.00,18.00,18.00,18.00
20221021,Hvítingur,323,3982.50,12.33,13.10,7.20
20221021,Upsi MSC,24,253.10,10.55,12.50,5.80
20221021,Brosma 3 MSC,10,60.00,6.00,6.00,6.00
20221021,Brosma MSC,52,334.20,6.43,6.90,5.00
20221021,Longa 1 MSC,17,354.00,20.82,22.00,20.00
20221021,Longa 2 MSC,30,618.00,20.60,22.00,20.00
20221021,Longa 3 MSC,8,140.00,17.50,20.00,16.00
20221021,Longa 4 MSC,14,204.00,14.57,16.00,14.00
20221021,Longa MSC,14,84.00,6.00,6.00,6.00
20221021,Havtaska,152,5298.00,34.86,35.00,30.60
20221021,Tunga,3,135.00,45.00,45.00,45.00
20221021,Lyrur,21,310.80,14.80,14.80,14.80
20221021,Skrubba,82,451.00,5.50,5.50,5.50
20221019,Toskur 1,1114,38516.10,34.57,38.00,32.80
20221019,Toskur 2,1556,51562.60,33.14,34.90,29.90
20221019,Toskur 3,4584,117059.70,25.54,27.90,23.00
20221019,Toskur 4,13932,322177.19,23.12,23.90,21.50
20221019,Toskur 5,5177,96829.70,18.70,20.10,16.10
20221019,Toskur,3000,102900.00,34.30,34.90,33.80
20221019,Hysa 1 MSC,7380,139410.43,18.89,24.60,15.00
20221019,Hysa 2 MSC,28353,532719.06,18.79,20.80,14.00
20221019,Hysa 3 MSC,29253,506364.72,17.31,19.60,13.00
20221019,Hysa 4 MSC,1159,10214.88,8.82,19.60,3.00
20221019,Hysa MSC,151,2402.30,15.91,16.90,14.70
20221019,Hvítingur,447,5163.20,11.55,14.00,10.60
20221019,Upsi 1 MSC,1000,15700.00,15.70,15.70,15.70
20221019,Upsi 2 MSC,304,4668.00,15.36,15.40,12.00
20221019,Upsi 3 MSC,510,7120.00,13.96,14.00,12.00
20221019,Upsi 4 MSC,152,1820.00,11.97,12.00,10.00
20221019,Upsi MSC,1298,16787.70,12.93,13.90,8.00
20221019,Brosma 1 MSC,15,166.50,11.10,11.10,11.10
20221019,Brosma 2 MSC,20,222.00,11.10,11.10,11.10
20221019,Brosma 3 MSC,25,225.00,9.00,9.00,9.00
20221019,Brosma 4 MSC,10,60.00,6.00,6.00,6.00
20221019,Brosma MSC,48,240.00,5.00,5.00,5.00
20221019,Longa 1 MSC,55,1155.00,21.00,21.00,21.00
20221019,Longa 2 MSC,80,1680.00,21.00,21.00,21.00
20221019,Longa 3 MSC,69,1242.00,18.00,18.00,18.00
20221019,Longa 4 MSC,60,900.00,15.00,15.00,15.00
20221019,Longa 5 MSC,1,5.00,5.00,5.00,5.00
20221019,Longa MSC,1833,36933.30,20.15,21.00,10.10
20221019,Longa,240,2664.00,11.10,11.10,11.10
20221019,Kongafiskur,51,489.60,9.60,9.60,9.60
20221019,Havtaska,480,16450.00,34.27,35.00,31.60
20221019,Havtaska 1,3080,107992.00,35.06,35.90,34.90
20221019,Havtaska 2,9240,323976.00,35.06,35.90,34.90
20221019,Havtaska 3,3080,107992.00,35.06,35.90,34.90
20221019,Havtaska (sek.),1000,21500.00,21.50,21.50,21.50
20221019,Havtaskuhalar,11,712.25,64.75,64.75,64.75
20221019,Steinbítur,30,528.00,17.60,22.50,7.80
20221019,Kalvi 1,70,4340.00,62.00,62.00,62.00
20221019,Kalvi 2,16,1768.00,110.50,110.50,110.50
20221019,Kalvi 3,10,1095.00,109.50,109.50,109.50
20221019,Reyðsproka,140,4367.50,31.20,33.25,25.00
20221019,Tunga,260,15820.00,60.85,62.25,25.75
20221019,Hvasskvoysa,30,3300.00,110.00,110.00,110.00
20221019,Lyrur,23,464.60,20.20,20.20,20.20
20221019,Skota,130,923.00,7.10,7.10,7.10
20221019,Skoturavar,10,120.00,12.00,12.00,12.00
20221019,Skrubba,150,859.00,5.73,8.90,5.50
20221019,Havtaskulivur,600,3900.00,6.50,6.50,6.50
